0,从头燃到尾！各种爽！各种给力！唐尼大眼睛各种吐槽！浩克裸一把还卖萌，你是天神我照摔！锤哥一边和抖森搞基一边雷！抖森那个演技啊啧啧太赞了！杰瑞米鹰眼帅气神射！性感女神斯嘉丽高超骗术还有漂亮身手！美国队长的屁股和胸配合3D效果要爆表！边看边高潮，湿了好几次！今年上映大片里第一部佳作！,LORENZO 洛伦佐,"['allstar50', 'rating']",2012-04-27 02:34:25,2166,"Amsterdam, Netherlands",vividtime  2006-03-28加入
1,被严重高估的粉丝电影。最后30分钟拯救全片，但为了这个高潮付出的代价太大了，前90分钟冗长乏味，为分配几个人的戏份进行对手戏排列组合，莫名其妙的恩怨设置如劣质武侠片，主线信息本来就少得可怜，还反复交代，完全失败的节奏和结构，应砍掉30分钟,麻绳,"['allstar30', 'rating']",2012-05-05 23:19:02,658,北京,ma-sheng  2008-03-26加入
2,Hulk...Smash！！！,陀螺凡达可,"['allstar50', 'rating']",2012-04-26 05:05:39,1319,"Paris, France",cabaret  2010-09-07加入
3,这些漫威怪物集中起来本以为是一锅粥，结果分工超明确人物极鲜明，加上目不暇接的狂轰滥炸和适当的吐槽卖萌，这些人物甚至比之前看单独影片时更惹人喜爱。唯一遗憾的是，反派外星人仍然没有脱离害虫形象的传统，飞船还长得像皮皮虾,jj73浅之,"['allstar40', 'rating']",2012-04-23 16:43:26,2086,北京,asano  2006-09-26加入
4,不用动脑的电影就是好～PS我是真心喜欢洛基呀！！！！,同志亦凡人中文站,"['allstar30', 'rating']",2012-05-07 18:07:14,87,,
5,真没想到《复仇者联盟》这么好看啊！钢铁侠大战美国队长，绿巨人狂K雷神索尔，黑寡妇勾搭鹰眼…老实说这几个超级英雄掐起架来比团结一致好看多了！钢铁侠负责耍宝，大兵负责耍帅;黑寡妇卖弄风情，绿巨人卖萌，再加一个坏坏有人爱的大反派，梦幻组合，灰常完美！,兰若,"['allstar50', 'rating']",2012-04-23 16:24:14,974,北京,4315946  2009-06-02加入
6,撸妇联前：诶嘿嘿好激动哟终于可以看妇联了！撸妇联时：嘤抖森嘤JR嘤嘤大胸美队嘤嘤大胸锤哥嘤嘤糖泥嘤菲尔好萌哦新绿巨人也好萌的样纸呢啊啊啊啊啊啊我是绿巨人脑残粉哈哈哈哈！撸完妇联：啊啊啊啊啊啊啊啊啊啊这绝逼是我看过最带感最鸡血的电影没有之一啊亲没有之一啊啊啊啊啊！太！好！看！了！！！,办公室甜心,"['allstar50', 'rating']",2012-05-05 03:12:24,490,"Berlin, Germany",kirk1226  2010-02-04加入
7,欢乐养眼！唐尼吐槽大美！loki美貌不能直视！与他哥的基情不能直视！上影院看这种片绝对值回票价！虽然剧情简单。。。但看得过瘾！总得来说一个字：燃！,山人阿苍苍,"['allstar40', 'rating']",2012-04-23 16:35:48,843,"Bristol, United Kingdom",Kiddieyi  2008-12-28加入
8,一部几乎完美的爆米花电影，谁在乎它演的是什么，因为它的幽默感太强大了！性格分明的人物，魅力十足的明星，层出不穷的笑料，紧张刺激的节奏，震撼视听的特效和层次分明的剧情编排，每一个超级英雄都有自己的性格和故事，他们都忙着互损互斗还一起欺负软妹，为什么这群演员都这么有爱呢？★★★★,亵渎电影,"['allstar40', 'rating']",2012-05-05 03:12:25,761,北京,zhangzongqian  2009-04-14加入
9,这！已！经！是！纽！约！不！知！道！第！几！次！被！外！星！人！轰！炸！了！好！想！住！在！这！个！随！时！都！有！可！能！被！炸！死！的！破！地！方！,夏奈,"['allstar40', 'rating']",2012-05-07 20:51:55,533,"İstanbul, Turkey",ChannaDisco  2009-10-15加入
10,还蛮好笑的- -,Veligrano,"['allstar40', 'rating']",2012-09-04 17:16:10,2,浙江杭州,Te_Qu1ero  2010-09-30加入
11,IMAX3D打斗效果从头爽到尾.队长负责健美操.雷神负责耍大锤.寡妇负责勾搭.鹰眼负责耍酷.绿巨人天然呆卖萌.钢铁侠抖骚耍宝.PS：片尾有彩蛋.,皮皮敦敦,"['allstar50', 'rating']",2012-05-05 12:27:03,391,北京,y_baozi  2009-02-14加入
12,其实这是一个“葫芦兄弟”（钢铁侠斯塔克、雷神索尔、美国队长、绿巨人班纳、黑寡妇、鹰眼巴顿）在”爷爷“指挥官独眼侠弗瑞的带领下，团结一致、联合起来变成“葫芦小金刚”各显神通对付“蛇精”洛基的故事。,影志,"['allstar40', 'rating']",2012-05-05 22:58:00,61,北京,tjz230  2005-07-18加入
13,Loki真心美貌;Robin阿姨就是去打酱油的，打的还没感觉；Thor那句He is adopted狂戳hhp其实我对唐尼的幽默比较无感。想起三集片里那句Every fairytale needs a good old-fashioned villain，没有人家Loki这群英雄们不也是天天百无聊赖嘛最后被他哥拿铁链子牵走的样子好乖，为啥嘴巴也堵上？是怕他话唠？,wwwwwhat,"['allstar50', 'rating']",2012-04-26 04:37:28,342,,
14,我虐我哥千百遍 我哥待我如初恋,流泪猫猫桃,"['allstar50', 'rating']",2012-05-06 20:10:05,329,浙江杭州,desesperer  2008-11-16加入
15,刚看完《复仇者联盟》，比前面几部超级英雄片都好看！角色个个出彩，很多台词情节非常可乐。最后的大战有点像变形金刚3，但更华丽热血，美国队长的一句：hulk，smash！引发了现场的欢呼和掌声！这是一部非常有娱乐价值的暑期大作。3d效果也很出色。各位毋庸置疑，准备在大银幕上迎接复仇者联盟吧！,CyberKnight电子骑士,"['allstar50', 'rating']",2012-04-24 10:13:34,273,上海,CyberKnight  2007-09-05加入
16,三星半，或者是期待太高，没预想的过瘾。当然，期待的内容都出现了，各种爆炸动作戏及有趣的对白。导演很好的协调了几个角色，每个人都有空间展示自己的性格和特点。绿巨人无论在过瘾和吐槽上都更让人惊喜。钢铁侠依然负责搞笑，黑寡妇和鹰眼都很帅。很好的爆米花。,桃桃林林,"['allstar30', 'rating']",2012-05-05 15:33:58,51,"P'yŏngyang, North Korea",qijiuzhiyue  2005-10-09加入
17,作为超级英雄和marvel的脑残粉 怎么能不心潮澎湃！萝卜嘴贱惹人爱 抖森萌的让人抖 锤哥搅基太配合了 绿巨人没变身之前骑小摩托加入战场的时候全场爆笑还有各种使坏“玩弄”锤基兄弟什么的 队长屁股好销魂 鹰眼没看到本人好可惜 等上映了再去看一遍！,韩觉夏,"['allstar50', 'rating']",2012-04-23 21:55:50,235,北京,tinagemini  2008-11-01加入
18,大屏幕3D效果佳，战斗场景设计声音剪辑达成期盼，笑料包袱抖得精彩，可称一次超爽的视效体验。超级英雄大会战，还是钢铁侠最眩，幽默感兼个人魅力十足；最厉害当属绿巨人，宇宙全无敌啊！,艾小柯,"['allstar40', 'rating']",2012-04-30 20:46:20,49,"Perth, Australia",aixiaoke  2006-06-02加入
19,各种英雄级的人物聚集在一起，有点搞不清楚到底谁厉害了！,厷糸,"['allstar30', 'rating']",2018-04-24 08:50:23,33,,
0,请漫威出几部番外，让寡姐和美队谈恋爱吧😭😭😭斯嘉丽我爱你,Chloe,"['allstar40', 'rating']",2018-02-25 14:52:00,59,,
1,这片子的主要诉求就是欺负老年人（队长），欺负残疾人（钢铁侠），欺负病人（绿胖），欺负弱智（托尔）以及欺负上班族（特工）是吗……,伊谢尔伦的风,"['allstar40', 'rating']",2012-05-05 22:20:04,45,湖北武汉,iserlohnwind  2006-12-25加入
2,剧情把我抓的很紧。,我心飞扬,"['allstar40', 'rating']",2012-06-18 11:42:54,0,山西太原,51143086  2011-04-26加入
3,so funny~~,emma,"['allstar40', 'rating']",2012-06-18 14:21:19,0,,
4,爆米花电影之典范 搞笑狠经典！,我是silence,"['allstar40', 'rating']",2012-06-18 17:36:37,0,,
5,最喜欢的英雄电影系列，虽然里面有很多英雄角色，但每一个都有自己的特色，剧情刺激有时还有点搞笑。,[已注销],"['allstar40', 'rating']",2018-02-18 15:45:15,32,,
6,1.这就像看AV，群P永远比单挊嗨得多。2.每次撸美片撸到射，就总觉得对不住欧片大师们。,陆支羽,"['allstar30', 'rating']",2012-05-21 00:10:51,25,北京,luzhiyu  2008-08-30加入
7,好喜欢鹰眼哦··酷到爆···,哆来咪吥羔,"['allstar40', 'rating']",2012-06-18 23:05:19,2,四川成都,52349711  2011-06-15加入
8,碉堡了！打绝人寰！不愧是漫威总爆发之作！人物之间的平衡感很好，包括浩克和班纳的处理。期待续集！,Multivac,"['allstar50', 'rating']",2012-04-24 10:38:08,206,北京,multivac  2007-05-24加入
9,看的不算太差的枪版....每隔一段时间会听到炸爆米花的声音.....如果去电影院看效果一定更好,央央,"['allstar40', 'rating']",2012-06-18 19:31:03,0,,
10,纯粹狗血片，里面咋没有孙悟空、金刚葫芦娃和哪吒！,麦子,"['allstar20', 'rating']",2012-04-23 10:44:33,1022,陕西西安,btone0808  2008-07-22加入
11,还是钢铁侠最帅，和Pepper调完情后，又和Hulk去搞基，最后Hulk就和他驱车而离去也！,McEvn,"['allstar50', 'rating']",2012-04-26 02:45:22,122,"Paris, France",zillyromantic  2008-12-08加入
12,众多知名人物汇聚一堂，各展神威，看的眼花缭乱，目瞪口呆。,青山绿水,"['allstar40', 'rating']",2018-04-20 15:19:15,30,,
13,好吧。如果真的有星际侵略希望你们上第一线。,富豪雪糕车,"['allstar40', 'rating']",2012-09-03 21:50:23,0,,
14,视觉听觉的饕餮盛宴，不间断的心灵震撼，经典演绎美国式英雄。,罂脂蔻,"['allstar40', 'rating']",2012-06-19 00:42:38,0,,
15,哎呀还没标记过这个？哈哈哈哈哈不解释鸟>3<,捶脑门儿,"['allstar50', 'rating']",2012-09-04 22:52:41,1,,
16,尼玛蜘蛛侠要是在里面绝对是屌丝,JX,"['allstar50', 'rating']",2012-04-28 07:24:45,69,,
17,这么多角色集中出现在一部电影里，要么浪费阵容要么是部经典，庆幸很不错。,春风不解意,"['allstar40', 'rating']",2018-04-24 08:27:12,26,陕西西安,172195277  2018-01-06加入
18,首映全场爆满！各种美国英雄聚集，各种卖萌傲娇。钢铁侠和绿巨人好可爱。狂轰滥炸让我毫无睡意，哈。,林夕の辞,"['allstar50', 'rating']",2012-04-26 06:27:34,30,"Firenze, Italy",sophia007sx  2008-11-03加入
19,哈哈各种帅气逼人,sangchen,"['allstar40', 'rating']",2012-09-03 23:37:12,0,,
0,各种超级英雄大乱炖，看个热闹，特效不错。,偏要勉强,"['allstar30', 'rating']",2018-04-24 13:35:41,30,江苏苏州,131953600  2015-07-24加入
1,灰常欢乐，大家都很帅~寡妇姐最强~,蓝色的十一维度,"['allstar30', 'rating']",2012-09-03 19:14:00,0,,
2,完全没啥感觉……大概是我在电脑看而且没看过前作的原因,wondersss,"['allstar30', 'rating']",2012-09-03 17:50:11,0,,
3,最喜欢的英雄电影系列，虽然里面有很多英雄角色，但每一个都有自己的特色，剧情刺激有时还有点搞笑。,[已注销],"['allstar40', 'rating']",2018-02-18 15:45:15,32,,
4,大杂烩 剧情不如蝙蝠侠 场面不如变形金刚 希望第二部会大大改进,Cris726,"['allstar30', 'rating']",2012-09-03 22:02:28,0,,
5,嗯，不错。典型的美国大片~,七天七夜,"['allstar50', 'rating']",2012-09-03 11:55:53,0,北京,hhqq  2008-03-15加入
6,好喜欢鹰眼哦··酷到爆···,哆来咪吥羔,"['allstar40', 'rating']",2012-06-18 23:05:19,2,四川成都,52349711  2011-06-15加入
7,纯粹狗血片，里面咋没有孙悟空、金刚葫芦娃和哪吒！,麦子,"['allstar20', 'rating']",2012-04-23 10:44:33,1022,陕西西安,btone0808  2008-07-22加入
8,。。。敌人好弱啊。。。,明艳媚娃高晓松,"['allstar30', 'rating']",2012-09-03 23:04:27,0,,
9,原本很期待的一部片子，因为最近钢铁侠/美国队长等漫画英雄的电影都还不错，但不知怎么了，凑在一起，就这么烂，各位英雄都太文艺了，但各位的演技和台词，还有角色深度又不如《蝙蝠侠前传2》里的小丑和贝尔，故事也没有很强的代入感，只希望新的《蝙蝠侠》别让我失望。,恶魔之月江雪,"['allstar30', 'rating']",2012-09-03 09:10:41,0,,
10,看得想睡觉，3d怎么还不死啊，纽约要被拆多少遍,五色全味,"['allstar20', 'rating']",2012-04-27 01:00:43,800,北京,wusequanwei  2007-01-10加入
11,看的不算太差的枪版....每隔一段时间会听到炸爆米花的声音.....如果去电影院看效果一定更好,央央,"['allstar40', 'rating']",2012-06-18 19:31:03,0,,
12,众多知名人物汇聚一堂，各展神威，看的眼花缭乱，目瞪口呆。,青山绿水,"['allstar40', 'rating']",2018-04-20 15:19:15,30,,
13,我发觉2个半小时里不去考虑为什么在云层上气压还能和地面一样人都吹不走是件困难的事情。好吧，再不刷谢耳朵就要开始了。额，还有，绿巨人最高！！,Lululun,"['allstar50', 'rating']",2012-09-03 17:43:29,0,上海,38850585  2010-04-11加入
14,好吧。如果真的有星际侵略希望你们上第一线。,富豪雪糕车,"['allstar40', 'rating']",2012-09-03 21:50:23,0,,
15,看一群人怎么从内讧变得团结的……,袁日天,"['allstar30', 'rating']",2012-09-03 13:10:39,0,,
16,妇联这一家子，阿爸钢铁萝卜泥负责臭屁幼稚高智商关键时刻拯救家庭，大奶队长妈妈负责正义善良引领家庭，大儿子绿巨人负责主力攻击，小儿子雷神和儿媳裸基因为爱情闹了矛盾，然后儿媳因为嘴贱不停被众人围殴。黑寡妇和鹰眼是有着腹黑过去的牛逼保镖。前段内讧超有爱，后段集体总攻长镜头+3D燃爆了！,伍德与夏洛蒂,"['allstar50', 'rating']",2012-05-07 00:09:00,27,北京,ipodmelody  2008-12-28加入
17,爆米花电影乱的撒一地，特效看到疲，后半程的NYC火拼完全是在证明妇联和变形金刚对同样的战役所采取的不同攻略。Harry Dean Stanton调侃绿巨人一段，证明他才是全片最搞笑的人物。,大奇特(Grinch),"['allstar20', 'rating']",2012-05-05 10:31:54,55,北京,grinch  2005-12-31加入
18,超级英雄大乱战  黄金圣衣   钢铁侠  各种喜欢因素大烩菜  还有很多的搞笑因素  看起来一点儿也不无聊,krahs,"['allstar50', 'rating']",2012-06-19 09:25:34,0,陕西西安,1978127  2007-11-05加入
19,我爱英雄片,ZM子喵,"['allstar50', 'rating']",2012-09-03 11:28:49,1,,
0,还不错，就是结局老套,你啊你啊,"['allstar30', 'rating']",2012-09-03 13:47:06,0,重庆,Kanovak  2011-11-16加入
1,看得爽爽的,虬髯郎,"['allstar50', 'rating']",2012-09-03 20:05:04,0,江苏南京,56173618  2011-11-19加入
2,视觉听觉的饕餮盛宴，不间断的心灵震撼，经典演绎美国式英雄。,罂脂蔻,"['allstar40', 'rating']",2012-06-19 00:42:38,0,,
3,绝对强大，绝对好看！！！彩蛋给力！,白不过儿,"['allstar50', 'rating']",2012-09-03 10:07:13,0,北京,59228737  2012-03-06加入
4,总算有了情节,Drache,"['allstar50', 'rating']",2012-09-03 19:18:58,0,上海,cyantsao  2010-11-03加入
5,好莱坞大片不就应该这样吗！大牌，美女，装备，幽默，特技，再搞搞基！抖森真是萌史了~爱他,太空内的快活,"['allstar50', 'rating']",2012-09-03 21:03:08,0,上海,leozhuo0817  2011-03-05加入
6,这么多角色集中出现在一部电影里，要么浪费阵容要么是部经典，庆幸很不错。,春风不解意,"['allstar40', 'rating']",2018-04-24 08:27:12,26,陕西西安,172195277  2018-01-06加入
7,哈哈各种帅气逼人,sangchen,"['allstar40', 'rating']",2012-09-03 23:37:12,0,,
8,这部电影将我们带回童年，看到英雄们并肩战斗，我兴奋不已。,godzilla,"['allstar40', 'rating']",2018-04-20 06:54:31,28,,
9,对不起我睡着了。。。,Rock,"['allstar40', 'rating']",2012-09-03 12:49:59,0,广东深圳,rock2011  2007-06-10加入
10,看完之后一个字——燃！,燃烧吧小宇宙,"['allstar50', 'rating']",2012-09-03 20:09:32,0,广东深圳,64274502  2012-08-29加入
11,特效NB，台词搞笑,朱朱小当家,"['allstar40', 'rating']",2012-09-03 19:35:02,0,,
12,去电影院看3d的，艾玛，特带劲的。绿巨人真是可爱极了。,mona,"['allstar50', 'rating']",2012-09-03 20:24:20,0,,
13,"从头到尾的吐槽是最欢乐的
",k.,"['allstar40', 'rating']",2012-09-03 10:10:26,0,重庆,summer_T  2010-12-20加入
14,其实还可以的，这种片子就图个热闹，绝对够热闹，够大片,yaozhifeng,"['allstar40', 'rating']",2012-09-03 09:02:53,0,上海,yaozhifeng  2010-04-05加入
15,不解释,蒙三水,"['allstar50', 'rating']",2012-09-03 22:19:43,0,重庆,64044059  2012-08-21加入
16,各种腕儿的集结的超级英雄片儿,Skye,"['allstar50', 'rating']",2012-09-03 20:44:52,0,,
17,爱死雷神呢！！！钢铁侠！！,瞄喵咪,"['allstar50', 'rating']",2012-09-03 22:17:23,0,,
0,反正打得好精彩。。。,克卜勒●浩叔,"['allstar50', 'rating']",2012-06-19 10:46:29,0,北京,summernevergone  2008-10-21加入
1,很好           只是觉得少了点感情。,旮旯,"['allstar40', 'rating']",2012-09-03 10:50:55,0,,
2,动作大片而已,大西洋的地盘,"['allstar30', 'rating']",2012-09-03 17:41:42,0,,
3,笑点不少，而且超级英雄也卖萌，好评~当然一起看电影的人也好评~,无尽の夏天,"['allstar50', 'rating']",2012-06-19 09:46:10,0,北京,holmes67  2009-08-22加入
4,最大亮点是中二少年LOKI,R,"['allstar40', 'rating']",2012-09-03 16:49:45,0,陕西西安,2477652  2008-05-13加入
5,虽然是大锅粥，但料足味香就好！,Sally,"['allstar50', 'rating']",2012-06-19 12:12:55,0,,
6,还是动画版好看,歲月輕狂,"['allstar30', 'rating']",2012-06-17 09:09:16,0,江苏南京,4301526  2009-05-30加入
7,超级英雄大聚会，还用心的穿插了几个幽默桥段，值得一看~,云之彼端,"['allstar40', 'rating']",2012-09-03 10:05:50,0,,
8,😏😏😏美队的肌肉，我可以吃很久,愿此间山有木兮,"['allstar40', 'rating']",2018-01-10 19:56:22,25,,
9,超级英雄聚齐起来维护地球的美式动作大片,我爱我现,"['allstar40', 'rating']",2012-09-03 16:32:44,0,北京,63318995  2012-07-23加入
10,话说把炸弹扔到天空的剧情最近在好几个地方都看到了- -啊不过突然发现斯嘉丽约翰逊的嘴唇真性感~~,Breudrax,"['allstar40', 'rating']",2012-09-04 01:30:15,0,,
11,为了世界和平，聚集的几位超能力者，剧中几个笑点效果很好，绿巨人浩克表演很出彩，和战友的两场调侃戏份真的很到位，有点韩式喜剧。两个多小时的片，看完至少没有瞌睡来，意犹未尽。就凭这点，已经很不错了，而且确实也蛮好看的,云悦,"['allstar40', 'rating']",2012-09-03 10:58:54,0,,
12,只想说洛基真心是史上最脑残boss...,闲渝,"['allstar40', 'rating']",2012-09-03 12:08:09,0,,
13,热热闹闹蛮好看的，我喜欢鹰眼啊真的很帅，嘿嘿~,红袖添饭,"['allstar40', 'rating']",2012-09-03 16:10:07,0,,
14,话说我去了趟厕所把最精彩的部分错过了。,小懶同學 -,"['allstar40', 'rating']",2012-09-03 20:40:19,0,"Barcelona, Spain",pandor  2010-07-28加入
15,好弱的神,flowermix,"['allstar40', 'rating']",2012-09-03 10:44:06,0,,
16,强大的视觉刺激、全明星阵容、震撼的配乐......,S.A.T.S@S.C,"['allstar40', 'rating']",2012-09-03 22:42:11,0,北京,44817600  2010-08-15加入
17,浩克无敌，外星人弱爆了,sungodhead,"['allstar40', 'rating']",2012-09-03 21:11:29,0,,
18,大乱斗看的很过瘾,潇湘烟雨,"['allstar40', 'rating']",2018-04-17 08:50:07,26,天津,165023952  2017-08-08加入
0,"3.5/5 superheros, american pride.",Ｆlamingo,"['allstar30', 'rating']",2012-06-19 10:09:19,0,"New York City, United States",Flamingo890  2006-01-18加入
1,最喜欢绿巨人~,可免都免掉,"['allstar30', 'rating']",2012-06-19 10:16:44,0,,
2,群殴片。各种2，尤其是美国队长和雷神，来一次笑一次。但都2012年了，还玩核弹…而且反派boss太弱了…下一集是红脸外星猩猩崛起乱入么？！,木卫二,"['allstar30', 'rating']",2012-05-06 13:48:31,18,四川成都,MovieL  2006-03-29加入
3,这种超级英雄大片就各找萌点吧！,A宝,"['allstar40', 'rating']",2012-06-19 09:47:55,0,,
4,剧情简单，反派颇弱，需要些科普才能看的更懂，搞笑程度和效果都还不错。中文字幕组是亮点 = =,龙天衡,"['allstar40', 'rating']",2012-06-19 12:45:23,0,,
5,1+N=复仇者联盟=票房,just game,"['allstar50', 'rating']",2012-06-19 06:00:06,0,,
6,前半部分睡着了，，，高潮部分刚好有精神欣赏，，没看过前戏的朋友还是做了功课再看，，不然会和我一样完全状况外，，IMAX画面特效没话说。。。。,瞾曌没曌瞾了,"['allstar30', 'rating']",2012-06-19 06:17:24,0,,
7,美国主义片子。。英雄总是无敌的，不会死的！,黑色的颜,"['allstar30', 'rating']",2012-06-19 10:23:17,0,,
8,阵容强大，集结了美国漫画中的绝大数英雄，场面也很庞大。,隨風qù闖蕩,"['allstar40', 'rating']",2012-06-19 12:21:24,0,,
9,猛男管蛋用 半打才收了一个尖脸,RITA,"['allstar30', 'rating']",2012-04-27 05:43:14,27,"Paris, France",RITABMW  2007-06-16加入
10,无聊弱智，大乱炖，狗血剧情,已注销,"['allstar10', 'rating']",2018-04-23 07:34:27,25,,
11,绿巨人威武！,_MasQ,"['allstar50', 'rating']",2012-06-17 06:48:47,0,上海,2609209  2008-06-17加入
12,美国大片去影院感受下，刺激刺激挺好呵呵,元子,"['allstar40', 'rating']",2012-06-17 08:02:20,0,山东青岛,4514152  2009-06-30加入
13,超级英雄什么的，我实在是理解无能。。更重要的是，为什么3d眼镜是墨镜？我看雨果时就想问了。真的好黑啊！途中我无数次摘下眼镜发现只有字幕在3d。。,偏时差,"['allstar30', 'rating']",2012-04-29 19:30:31,27,中国香港,ananpsc  2005-11-13加入
14,肿么办= =对那个射箭的欲罢不能了！！,dncjkebhascvdc,"['allstar50', 'rating']",2012-06-17 11:30:06,0,,
15,只有刺激了,dennis,"['allstar40', 'rating']",2012-06-17 09:17:37,0,江苏南京,D.N.S  2008-11-17加入
16,"铺垫五部电影换来复仇者第一次集结，也是史上第一部超级英雄集结电影，当之无愧的现象级作品。
即便是用现在眼光来看《复联1》也是教科书式的群像片，前30分钟实现美队、绿巨人、黑寡妇的集结，第50分钟鹰眼之外的五巨头聚首，铺垫和规划天衣无缝。
同时也加入了许多矛盾和内乱的桥段，比如钢铁侠和雷神、钢铁侠和美队、雷神和绿巨人、复仇者和尼克·弗瑞都产生过分歧，使得剧情更加丰满，也为执行任务增加了难度。
最巧妙的是引出了心灵宝石，洛基用心灵宝石让复仇者内斗，既符合洛基的作风，又确保了复仇者的胜利不会来得太容易。
无论是剧本还是规划都相当完美。
值得一提的是电影开头出现了“天马计划”，和《惊奇队长》形成呼应。
PS：斯坦·李出现在第130分；第一个彩蛋是灭霸；第二个彩蛋是众人一起吃沙瓦玛烤肉。",凌睿,"['allstar50', 'rating']",2012-08-18 01:18:23,24,重庆,lingrui1995  2012-08-07加入
17,不是我的菜...中间差点睡着..,愛絲希雅,"['allstar30', 'rating']",2012-06-17 09:56:07,0,,
18,真心难看。作为DC迷，还是看蝙蝠侠和超人搞基比较有意思,Leon,"['allstar30', 'rating']",2012-06-17 07:36:18,0,,
0,话痨片+走近科学,大宸,"['allstar30', 'rating']",2012-05-06 18:10:02,19,,
1,第一次看到英雄大集合还是很激动的，最喜欢美国队长和黑寡妇。场面还是没得说，非常酷炫，让人眼花缭乱。,世界尽头,"['allstar40', 'rating']",2018-04-25 07:01:31,23,,
2,漫威作品，动作场面和特效都很厉害，一群超级英雄聚在一起使电影十分有趣，我觉得电影还是值得一看的，准备看第三部。,宁宁,"['allstar40', 'rating']",2018-04-24 23:30:00,24,,
3,"虽然作为陪男友看的女友.. 基本只看懂了搞笑瞬间 -,- 老套的经典  02/06/2012",三七二星,"['allstar40', 'rating']",2012-06-13 02:27:47,0,,
4,特效满足了眼球，剧情不脑残足矣,未晓,"['allstar50', 'rating']",2012-06-17 12:26:11,0,,
5,好燃T T 哈哈哈哈好搞笑 去电影院值了-0- 我爱队长,FiTcyXDD,"['allstar50', 'rating']",2012-06-17 08:31:24,0,,
6,英雄大拼盘，全场都是笑点……,油泡塞肉,"['allstar40', 'rating']",2012-06-17 10:14:32,0,,
7,就记得一个字，帅,假装不孤单,"['allstar40', 'rating']",2012-06-17 11:34:22,0,,
8,很酷的电影啊，看得激情四射,ashley°雪,"['allstar50', 'rating']",2012-06-17 12:14:11,0,,
9,说实话特效太赞了！！非常值得去电影院看。,沫沫,"['allstar50', 'rating']",2012-06-17 11:50:11,0,,
10,纯种美国英雄主义科幻片，很商业，很专业，很美式，很英雄，很科幻。,terrance_miu,"['allstar40', 'rating']",2012-06-17 10:32:18,0,,
11,可以养只绿巨人么,Biubiu•~,"['allstar40', 'rating']",2012-06-17 11:10:06,0,福建厦门,cjling  2011-12-24加入
12,"一锅粥。。
",tomshiwo,"['allstar10', 'rating']",2012-05-05 22:07:34,24,北京,tomshiwo  2007-03-02加入
13,钢铁侠太痞了，lol,小桃红,"['allstar30', 'rating']",2012-06-19 12:57:43,0,,
14,一开始看到norton变成了mark ruffalo还是有点失望的，但是平心而论，演的比norton好啊，jeremy现在混得不错了哦,安德烈·皮皮,"['allstar50', 'rating']",2012-09-02 02:33:06,0,上海,yinmouren  2007-04-17加入
15,大片啦！很不错啦！搞基万能啦！,mibii,"['allstar40', 'rating']",2012-06-19 13:46:27,0,,
16,洛基被绿巨人痛扁大概是最精彩的笑点，完全的美国英雄主义电影啊，可惜英雄还少了点,紫馨,"['allstar40', 'rating']",2012-06-19 17:52:38,0,,
17,我喜欢这部电影，因为我看到了每个单独的角色所付出的努力。,东篱,"['allstar40', 'rating']",2018-04-27 09:44:48,18,,
18,就像小时候玩《金庸群侠传》的感觉，杨过萧峰令狐冲韦小宝灭绝师太乱入，大剂量的鸡血high翻天！在它所有的优点里，我最欣赏它无所不在的幽默感。(PS：杰瑞米雷纳射箭太帅了！我要学射箭啊啊啊！！！),萨库拉,"['allstar50', 'rating']",2012-04-27 00:25:02,18,中国香港,iisakura  2009-05-15加入
19,热闹，好看。,High Five,"['allstar40', 'rating']",2012-06-17 16:05:14,0,,
0,总算赶上了下映前最后一场，好看，又萌又雷又二，甩变3好几条银河系了。loki，你的咏哥造型让我快憋出内伤了,Freda,"['allstar40', 'rating']",2012-06-19 13:10:01,0,,
1,"“The bright lure of freedom diminishes your life's joy in a mad scramble for power, for identity.”",YM,"['allstar30', 'rating']",2012-06-17 14:25:57,0,中国香港,3341338  2008-12-13加入
2,英雄主义电影看着很欢乐哈哈,尾巴是花洒的熊,"['allstar40', 'rating']",2012-06-17 13:46:48,0,"San Francisco Bay Area, United States",huhuqiqian  2006-11-24加入
3,"2012.05 @ 搜秀影城
能把这么多偶像级英雄揉捏得如此妥帖，片子的功力和娱乐性毋庸置疑。",DennisZz9,"['allstar40', 'rating']",2012-06-17 22:36:58,0,北京,DennisZz9  2007-03-03加入
4,有人说绿巨人是全片最亮点,xp,"['allstar50', 'rating']",2012-06-17 17:27:58,0,"Paris, France",xpoxp  2009-11-06加入
5,本以为是又是美国个人英雄主义的烂俗剧情，但是看的时候各种戳中笑点，没想到绿巨人也担当起了逗哏的重任，哈哈；斯嘉丽的表现实在是出色，我都没怎么看我家小罗伯特·唐尼；托尔还是一如既往的挫男一个，美国队长的盾牌我也想要一个>。<最后结局的大bug：雷神这么好的一个移动电源钢铁侠居然不用！,下次还这样,"['allstar50', 'rating']",2012-06-27 02:30:32,0,,
6,绿巨人很厉害,niqi120,"['allstar40', 'rating']",2012-06-17 17:53:30,0,,
7,原来是4D的效果超级好~~看得很过瘾~~~一惊一乍的。。。。哈哈  。。。,DaoDao,"['allstar50', 'rating']",2012-06-19 14:09:06,0,,
8,舉重若輕！意外驚喜！！韋導大能！我軍司令大能！！,Mona Lishark,"['allstar50', 'rating']",2012-04-23 17:23:22,126,Isle of Man,run11run  2007-11-12加入
9,还好打斗够长不枉我等待冗长的前大半部！,苗小K,"['allstar40', 'rating']",2012-06-06 02:32:12,0,,
10,纯粹的美国英雄主义电影，和变形金刚 2012，剧情节奏没什么区别。,L 、,"['allstar40', 'rating']",2012-06-19 17:41:11,0,,
11,各种打斗很燃啊！画面太震撼，看得很过瘾,橘猫,"['allstar50', 'rating']",2018-04-26 22:49:04,16,,
12,零点首映果然不同凡响 宅男奇多 因为观影前特地温习老爸老妈浪漫史的缘故 见到某行政人员果断笑场 全片燃点从地上基地全毁开始 到绿巨人一拳击坠钢铁龙时达到高潮 难能可贵的是大场面后总是接上小萌点 全片142分钟全无冷场 堆特效不惜血本 目测可进入年度前三（任选小场景已秒杀超级战舰全部了,文泽尔,"['allstar50', 'rating']",2012-05-05 15:15:13,14,"Zürich, Switzerland",wenzel  2007-08-20加入
13,最后30分钟拯救全片，否则我只给1颗星，明明是一部爆米花电影，我一桶爆米花都吃完了还没high起来，介是搞毛啊！一群爷们吵来吵去的，该打不去打，还没一娘们打得好看；。中影的3D眼镜明明就是墨镜，银幕比剧情还黑；绿巨人贡献全场三大笑点，又呆又萌，秒杀全场。,蒜 | BOY A✎,"['allstar30', 'rating']",2012-05-08 22:21:21,12,四川成都,movie007wn  2006-10-07加入
14,爆米花电影。热闹，炫目,david,"['allstar30', 'rating']",2012-06-19 16:28:21,0,,
15,很不错，期待其续集，如果看过另外4部单独的再去看会更棒的~,可可要快乐,"['allstar40', 'rating']",2012-06-19 14:03:37,0,上海,perfect-niki  2010-07-02加入
16,感觉这类影片中只有复仇者联盟和雷神好看，其他都很粗糙而且剧情过度太快，感觉没必要太过纠结于剧情是否合理，或者是否剧情够细腻。即便只是这种富有想象力的人物结合，过瘾的打斗场景和搞笑的情节已经非常了不起非常值得看了，毕竟划时代的电影是少数,LEO赫本,"['allstar50', 'rating']",2012-06-19 15:48:30,0,,
17,人物太多，眼花缭乱，坐等正义联盟，希望精彩一点,阿钟来了,"['allstar30', 'rating']",2012-06-19 16:29:40,0,,
0,享受一场超级英雄们带来的视觉盛宴吧,Lie to Me,"['allstar50', 'rating']",2012-06-17 12:56:16,0,,
1,与美国电影一贯的个人英雄主义不同  这是部关于集体英雄的电影,玫瑰没有小王子,"['allstar40', 'rating']",2012-06-17 13:23:01,0,重庆,55677796  2011-10-31加入
2,美国英雄主义诠释的集合体,vWei,"['allstar40', 'rating']",2012-06-17 16:05:47,0,,
3,早说有斯嘉丽 我早就看了,Adrian13,"['allstar30', 'rating']",2012-06-17 20:25:36,0,上海,1489249  2007-04-01加入
4,有这样的明星阵容，还在乎什么狗血剧情？！,Scar,"['allstar50', 'rating']",2012-06-17 23:01:05,0,,
5,纯欢乐,CeCi,"['allstar40', 'rating']",2012-06-17 22:34:37,0,北京,xunzai  2007-05-12加入
6,求一套钢铁侠的装备,黎明Leon,"['allstar50', 'rating']",2012-06-17 19:41:19,0,北京,joe1008  2010-11-30加入
7,精彩紧凑的爆米花高科技无脑大片，笑点多，比每一部单独系列英雄传都好。讲述一群心智不全的超能儿如何矫正三观拯救地球的故事。当然如果由爱德华来演绿巨人我绝对会极不理智的打五星。,孙此方,"['allstar40', 'rating']",2012-05-06 00:44:11,6,,
8,一般般的英雄片。（我倒看得津津有味，但女友睡着了）,轻骑漫步,"['allstar30', 'rating']",2012-06-17 19:58:21,0,,
9,美国漫画英雄电影大乱炖之史上最强。,张小北,"['allstar40', 'rating']",2012-05-06 01:50:38,16,北京,xzfd  2008-03-04加入
10,补充记录 31,Wanda。L,"['allstar40', 'rating']",2012-06-17 20:52:39,0,北京,Lin.Island  2009-08-10加入
11,其实，这是一部典型的美国英雄主义的电影，宣扬美国人能拯救一切的真理。我艹。,翔都堵不住你嘴,"['allstar30', 'rating']",2012-06-17 22:53:12,0,北京,47360340  2010-11-13加入
12,美国式英雄大杂烩。还好，非常Entertaining，至少我这个工作到10点的人非常满意……,simply me,"['allstar30', 'rating']",2012-06-17 18:36:28,0,上海,simplymeanna  2009-11-16加入
13,一定要3D IMAX才好~,守愚,"['allstar50', 'rating']",2012-06-19 22:34:01,0,湖北武汉,HughShaw  2008-12-08加入
14,超级英雄题材已经是无敌冷饭了~不过这次的群英荟萃的确是爽爆眼球~Heroes偶尔耍个性斗斗嘴加小卖一下萌，更有加分~整部剧十分精彩！（PS：珍爱生命，远离纽约。）,Sodayui,"['allstar50', 'rating']",2012-09-02 10:14:12,0,"Detroit, United States",sodayui  2007-10-17加入
15,呵呵呵呵呵,立早,"['allstar30', 'rating']",2012-06-18 00:40:46,0,浙江杭州,2639783  2008-06-26加入
16,南洋3D太坑爹,whocare,"['allstar40', 'rating']",2012-06-17 20:48:55,0,江苏苏州,xujdan  2007-08-08加入
17,设定和剧情不是我的菜，3D倒是很不错,D很多,"['allstar40', 'rating']",2012-06-18 00:24:43,0,上海,1414785  2007-02-05加入
0,“明星”很耀眼，绿巨人其实才是复仇者联盟的boss！,小橙子,"['allstar50', 'rating']",2012-06-17 19:01:52,0,天津,2752290  2008-07-27加入
1,欢乐向全家福，阵容之让人嗨起。,阿朴,"['allstar40', 'rating']",2012-09-02 16:02:34,0,广东广州,apu  2006-08-22加入
2,后半段比较激情。,余音,"['allstar40', 'rating']",2012-06-18 00:08:34,0,陕西西安,doveluqi  2010-12-21加入
3,脸盲的痛苦...不变身根本认不出来...,inkhk,"['allstar30', 'rating']",2012-06-17 21:11:18,0,上海,inkhkkk  2011-07-16加入
4,全星恶搞喜剧，2呼呼的绿巨人真是让我笑瘫,朱日妮,"['allstar30', 'rating']",2012-09-02 05:51:55,0,河南洛阳,zhuweina  2007-01-26加入
5,实在不好这口...,Flora,"['allstar30', 'rating']",2012-06-17 19:03:45,0,,
6,英雄会老。,寂地花开,"['allstar30', 'rating']",2012-08-12 15:51:25,0,北京,buglovenet  2005-12-20加入
7,好吧，这个系列的漫画我基本上完全不了解，对影片最有印象的应该是那个富有喜感cosplay牛魔王或者是驯鹿的Roki boss，另，豆瓣的评论牛叉的要死，看完之后啥都知道了~,子乌,"['allstar40', 'rating']",2012-09-01 02:31:25,0,福建厦门,sheneyan  2006-11-14加入
8,这片激发了我热血澎湃的少女心！！好多HERO！！,阿圆,"['allstar50', 'rating']",2012-06-18 00:56:51,0,,
9,看看笑笑还不错 嘈点挺多 总之很欢乐,轰纸小酱酱,"['allstar40', 'rating']",2012-06-17 18:15:00,0,,
10,超级爆米花大片,L&P的小课长,"['allstar50', 'rating']",2012-07-18 02:29:29,0,上海,lostheaven  2009-05-16加入
11,史上最昂贵的爆笑片-。-,一个小肉肉,"['allstar50', 'rating']",2012-06-18 00:25:20,0,,
12,够搞笑哈,小佩琪,"['allstar40', 'rating']",2012-06-17 23:17:30,0,西藏那曲,lichuyue  2010-06-26加入
13,人生必热血，特效必影院。,猪仔叶,"['allstar40', 'rating']",2012-09-02 21:17:01,0,北京,Juzzia  2007-09-17加入
14,炫爆了,geekdada,"['allstar50', 'rating']",2012-06-17 23:23:58,0,广东广州,geekdada  2010-02-28加入
15,"不错的美式大片
",线形单调,"['allstar40', 'rating']",2012-09-02 20:12:13,0,四川成都,yingluncheng  2007-12-03加入
16,带给我回忆的电影,Gineea,"['allstar40', 'rating']",2012-06-17 19:58:01,0,,
17,美国队长好帅！,kylerwww,"['allstar50', 'rating']",2012-06-17 19:31:33,0,北京,monkeywen  2010-11-25加入
18,标准圈钱片,windyxp,"['allstar30', 'rating']",2012-09-02 20:26:33,0,北京,1271102  2006-10-01加入
0,没什么意思,殺死黑小夜,"['allstar30', 'rating']",2012-06-18 00:02:22,0,浙江杭州,3885562  2009-03-27加入
1,我真的很詫異這片都有8分！早早給我猜到怎麼個流程和劇情發展是最大的缺點，其他則是毫無美感的對決群毆，最重要的我真特麼一直認為這群美漫英雄們在一起是最13的！我很想給2星，算在投資面子上給3星~,邻舍的老花猫,"['allstar30', 'rating']",2012-09-02 10:32:36,0,浙江杭州,yuantown  2007-09-09加入
2,赶在下档之前总算是看到了……甚好看！黑寡妇和鹰眼好萌……（捂眼）,休迪翊,"['allstar40', 'rating']",2012-06-17 21:07:41,0,上海,xiudiyi_b_a  2009-09-11加入
3,看过就忘,mr.tall,"['allstar30', 'rating']",2012-06-16 03:04:51,0,广东广州,mrtall  2010-04-03加入
4,典型美国爆米花动作科幻电影，然后每次都幻想自己是其中某身怀绝技女主角,Ashley,"['allstar40', 'rating']",2012-06-17 20:43:58,0,广东深圳,Ashleyhuang  2009-06-02加入
5,"2012.09.02
打得太热闹！绿巨人太V587（好希望还是诺顿啊）！我对“英雄”这类物种完全没有抵抗力，再弱智的情节都能看得血脉贲张热泪盈眶……",小悬子,"['allstar30', 'rating']",2012-09-02 16:19:40,0,上海,3653373  2009-02-16加入
6,能把这么些奇怪的家伙弄地一起还真不容易.,双色心,"['allstar40', 'rating']",2012-06-17 19:55:01,0,,
7,"放映前被告知只需要看两伙人为了抢个东西打群架就行了。
还是挺欢乐的，绿巨人有点儿像大战僵尸里的加强版绿色大倭瓜，气呼呼的样子真好玩儿😉",Maggie,"['allstar40', 'rating']",2012-06-17 18:35:28,0,,
8,涉及到的电影一步也没看过，看得我稀里糊涂的。是不是男生都喜欢看这种很吵的电影啊？,小晓熹流,"['allstar40', 'rating']",2012-06-17 19:59:00,0,,
9,群口相声吧这是，各种搅基卖萌哇,三月青绒,"['allstar30', 'rating']",2012-09-02 22:09:28,0,北京,sanyueqingrong  2009-09-19加入
10,我是一枚完全没有背景知识的妹纸...,Only_purple,"['allstar30', 'rating']",2012-06-19 21:28:09,0,北京,only_purple  2007-02-05加入
11,"就是NC粉嘛没办法╮(￣▽￣"")╭ ",Rostock,"['allstar50', 'rating']",2012-06-17 18:21:39,0,上海,56903206  2011-12-10加入
12,Hulk果然很可爱~,我是陈胖我有车,"['allstar40', 'rating']",2012-09-02 13:49:00,0,北京,fickKPCh  2009-06-23加入
13,洛基那一身是演完二郎神还没来得急换吧,甲爸爸,"['allstar30', 'rating']",2012-08-12 22:33:21,0,,
14,超级战舰后又一部热血沸腾的电影，不过不同于超级战舰，妇联笑点还是相当的多，碰到绿巨人卖萌加耍宝，钢铁侠都甘拜下风。,橘猫爱吃鱼,"['allstar40', 'rating']",2018-04-28 10:33:47,13,,
15,前戏部分有些平淡，不过最后的高潮照实精彩。从本片看，复仇者联盟中最威武，最具破坏性的无疑是绿巨人大帝。,思考的猫,"['allstar40', 'rating']",2012-09-02 10:58:06,1,北京,ThinkingCat  2005-08-12加入
16,大场面又有笑点，好看~绿巨人太萌了啦~~~综合还是喜欢钢铁侠！因为联盟里面只看过钢铁侠。。。,阿阿阿悠,"['allstar40', 'rating']",2012-09-02 22:17:15,0,上海,Joan_J  2008-12-10加入
17,妇联真好看~不过就是前戏太长了点儿,扣。,"['allstar40', 'rating']",2012-09-02 16:27:46,0,浙江杭州,MK_ijal  2010-02-07加入
18,画面确实是爽啊，不过，还真是爽完就完了,七七,"['allstar40', 'rating']",2012-09-02 09:58:37,0,黑龙江哈尔滨,xiaomei0606511  2008-12-11加入
